{
  "$schema": "https://schema.management.azure.com/schemas/2015-01-01/deploymentTemplate.json#",
  "contentVersion": "1.0.0.0",
  "parameters": {
    "vmstorageType": {
      "type": "string",
      "defaultValue": "Standard_LRS",
      "allowedValues": [
        "Standard_LRS",
        "Standard_GRS",
        "Standard_RAGRS",
        "Premium_LRS"
      ]
    },
    "WebVMAdminUserName": {
      "type": "string",
      "minLength": 1
    },
    "WebVMAdminPassword": {
      "type": "securestring"
    },
    "WebVMUbuntuOSVersion": {
      "type": "string",
      "defaultValue": "14.04.4-LTS",
      "allowedValues": [
        "12.04.5-LTS",
        "14.04.4-LTS"
      ]
    },
    "WebPublicIPDnsName": {
      "type": "string",
      "minLength": 1
    },
    "SQLVMName": {
      "type": "string",
      "minLength": 1
    },
    "SQLVMAdminUserName": {
      "type": "string",
      "minLength": 1
    },
    "SQLVMAdminPassword": {
      "type": "securestring"
    },
    "SQLVMUbuntuOSVersion": {
      "type": "string",
      "defaultValue": "14.04.4-LTS",
      "allowedValues": [
        "12.04.5-LTS",
        "14.04.4-LTS"
      ]
    },
    "InstanceCount": {
      "type": "int",
      "metadata": {
        "description": "Number of Web instances"
      }
    },
    "chef_server_url": {
      "type": "string",
      "metadata": {
        "description": "Organization URL for the Chef Server. Example https://ChefServerDnsName.cloudapp.net/organizations/Orgname"
      }
    },
    "validation_client_name": {
      "type": "string",
      "metadata": {
        "description": "Validator key name for the organization. Example : MyOrg-validator"
      }
    },
    "runlist": {
      "type": "string",
      "metadata": {
        "description": "Optional Run List to Execute"
      }
    },
    "validation_key": {
      "type": "string",
      "metadata": {
        "description": "JSON Escaped Validation Key"
      }
    }
  },
  "variables": {
    "OPSTrainingVNETPrefix": "10.0.0.0/16",
    "OPSTrainingVNETSubnet1Name": "FrontendNetwork",
    "OPSTrainingVNETSubnet1Prefix": "10.0.1.0/24",
    "OPSTrainingVNETSubnet2Name": "BackendNetwork",
    "OPSTrainingVNETSubnet2Prefix": "10.0.2.0/24",
    "vmstorageName": "[concat('vmstorage', uniqueString(resourceGroup().id))]",
    "WebVMImagePublisher": "Canonical",
    "WebVMImageOffer": "UbuntuServer",
    "WebVMVnetID": "[resourceId('Microsoft.Network/virtualNetworks', 'OPSTrainingVNET')]",
    "WebVMSubnetRef": "[concat(variables('WebVMVnetID'), '/subnets/', variables('OPSTrainingVNETSubnet1Name'))]",
    "WebPublicIPName": "WebPublicIP",
    "WebVMVmSize": "Standard_D1",
    "SQLVMImagePublisher": "Canonical",
    "SQLVMImageOffer": "UbuntuServer",
    "SQLVMOSDiskName": "SQLVMOSDisk",
    "SQLVMVmSize": "Standard_D1",
    "SQLVMVnetID": "[resourceId('Microsoft.Network/virtualNetworks', 'OPSTrainingVNET')]",
    "SQLVMSubnetRef": "[concat(variables('SQLVMVnetID'), '/subnets/', variables('OPSTrainingVNETSubnet2Name'))]",
    "SQLVMStorageAccountContainerName": "vhds",
    "SQLVMNicName": "[concat(parameters('SQLVMName'), 'NetworkInterface')]",
    "AvailabilitySetName": "WebAvailSet",
    "PublicIPAddressID": "[resourceId('Microsoft.Network/publicIPAddresses',variables('WebPublicIPName'))]",
    "LBName": "WebLoadBalancer",
    "LBID": "[resourceId('Microsoft.Network/loadBalancers',variables('LBName'))]",
    "LBFEName": "loadBalancerFrontEnd",
    "LBWebProbeName": "loadBalancerWebProbe",
    "LBBEAddressPool": "loadBalancerBEAddressPool",
    "LBFEIPConfigID": "[concat(variables('LBID'),'/frontendIPConfigurations/',variables('LBFEName'))]",
    "LBBEAddressPoolID": "[concat(variables('LBID'),'/backendAddressPools/',variables('LBBEAddressPool'))]",
    "LBWebProbeID": "[concat(variables('LBID'),'/probes/',variables('LBWebProbeName'))]"    
  },
  "resources": [
    {
      "name": "OPSTrainingVNET",
      "type": "Microsoft.Network/virtualNetworks",
      "location": "[resourceGroup().location]",
      "apiVersion": "2015-06-15",
      "dependsOn": [
        "[resourceId('Microsoft.Network/networkSecurityGroups', 'WebNetworkSecurityGroup')]"
      ],
      "tags": {
        "displayName": "OPSTrainingVNET"
      },
      "properties": {
        "addressSpace": {
          "addressPrefixes": [
            "[variables('OPSTrainingVNETPrefix')]"
          ]
        },
        "subnets": [
          {
            "name": "[variables('OPSTrainingVNETSubnet1Name')]",
            "properties": {
              "addressPrefix": "[variables('OPSTrainingVNETSubnet1Prefix')]",
              "networkSecurityGroup": {
                "id": "[resourceId('Microsoft.Network/networkSecurityGroups', 'WebNetworkSecurityGroup')]"
              }
            }
          },
          {
            "name": "[variables('OPSTrainingVNETSubnet2Name')]",
            "properties": {
              "addressPrefix": "[variables('OPSTrainingVNETSubnet2Prefix')]"
            }
          }
        ]
      }
    },
    {
      "name": "[variables('vmstorageName')]",
      "type": "Microsoft.Storage/storageAccounts",
      "location": "[resourceGroup().location]",
      "apiVersion": "2015-06-15",
      "dependsOn": [],
      "tags": {
        "displayName": "vmstorage"
      },
      "properties": {
        "accountType": "[parameters('vmstorageType')]"
      }
    },
    {
      "name": "[variables('WebPublicIPName')]",
      "type": "Microsoft.Network/publicIPAddresses",
      "location": "[resourceGroup().location]",
      "apiVersion": "2015-06-15",
      "dependsOn": [],
      "tags": {
        "displayName": "WebPublicIP"
      },
      "properties": {
        "publicIPAllocationMethod": "Dynamic",
        "dnsSettings": {
          "domainNameLabel": "[parameters('WebPublicIPDnsName')]"
        }
      }
    },
    {
      "name": "[variables('SQLVMNicName')]",
      "type": "Microsoft.Network/networkInterfaces",
      "location": "[resourceGroup().location]",
      "apiVersion": "2015-06-15",
      "dependsOn": [
        "[concat('Microsoft.Network/virtualNetworks/', 'OPSTrainingVNET')]"
      ],
      "tags": {
        "displayName": "SQLVMNic"
      },
      "properties": {
        "ipConfigurations": [
          {
            "name": "ipconfig1",
            "properties": {
              "privateIPAllocationMethod": "Dynamic",
              "subnet": {
                "id": "[variables('SQLVMSubnetRef')]"
              }
            }
          }
        ]
      }
    },
    {
      "name": "[parameters('SQLVMName')]",
      "type": "Microsoft.Compute/virtualMachines",
      "location": "[resourceGroup().location]",
      "apiVersion": "2015-06-15",
      "dependsOn": [
        "[concat('Microsoft.Storage/storageAccounts/', variables('vmstorageName'))]",
        "[concat('Microsoft.Network/networkInterfaces/', variables('SQLVMNicName'))]"
      ],
      "tags": {
        "displayName": "SQLVM"
      },
      "properties": {
        "hardwareProfile": {
          "vmSize": "[variables('SQLVMVmSize')]"
        },
        "osProfile": {
          "computerName": "[parameters('SQLVMName')]",
          "adminUsername": "[parameters('SQLVMAdminUsername')]",
          "adminPassword": "[parameters('SQLVMAdminPassword')]"
        },
        "storageProfile": {
          "imageReference": {
            "publisher": "[variables('SQLVMImagePublisher')]",
            "offer": "[variables('SQLVMImageOffer')]",
            "sku": "[parameters('SQLVMUbuntuOSVersion')]",
            "version": "latest"
          },
          "osDisk": {
            "name": "SQLVMOSDisk",
            "vhd": {
              "uri": "[concat('http://', variables('vmstorageName'), '.blob.core.windows.net/', variables('SQLVMStorageAccountContainerName'), '/', variables('SQLVMOSDiskName'), '.vhd')]"
            },
            "caching": "ReadWrite",
            "createOption": "FromImage"
          }
        },
        "networkProfile": {
          "networkInterfaces": [
            {
              "id": "[resourceId('Microsoft.Network/networkInterfaces', variables('SQLVMNicName'))]"
            }
          ]
        }
      },
      "resources": [
        {
          "name": "RunSQLScript",
          "type": "extensions",
          "location": "[resourceGroup().location]",
          "apiVersion": "2015-06-15",
          "dependsOn": [
            "[concat('Microsoft.Compute/virtualMachines/', parameters('SQLVMName'))]"
          ],
          "tags": {
            "displayName": "RunSQLScript"
          },
          "properties": {
            "publisher": "Microsoft.OSTCExtensions",
            "type": "CustomScriptForLinux",
            "typeHandlerVersion": "1.4",
            "autoUpgradeMinorVersion": true,
            "settings": {
              "fileUris": [
                "https://opsgilityweb.blob.core.windows.net/20160803-course-azure-iaas-devops-oss/mysql.sh"
              ],
              "commandToExecute": "[concat('bash ', 'mysql.sh')]"
            }
          }
        }
      ]
    },
    {
      "apiVersion": "2015-06-15",
      "type": "Microsoft.Network/networkSecurityGroups",
      "name": "WebNetworkSecurityGroup",
      "location": "[resourceGroup().location]",
      "properties": {
        "securityRules": [
          {
            "name": "webrule",
            "properties": {
              "description": "This rule allows traffic in on port 80",
              "protocol": "Tcp",
              "sourcePortRange": "*",
              "destinationPortRange": "80",
              "sourceAddressPrefix": "INTERNET",
              "destinationAddressPrefix": "*",
              "access": "Allow",
              "priority": 100,
              "direction": "Inbound"
            }
          },
          {
            "name": "sshrule",
            "properties": {
              "description": "This rule allows traffic on port 22 from the web",
              "protocol": "Tcp",
              "sourcePortRange": "*",
              "destinationPortRange": "22",
              "sourceAddressPrefix": "INTERNET",
              "destinationAddressPrefix": "*",
              "access": "Allow",
              "priority": 200,
              "direction": "Inbound"
            }
          }

        ]
      }
    },
    {
      "apiVersion": "2015-06-15",
      "name": "[variables('lbName')]",
      "type": "Microsoft.Network/loadBalancers",
      "location": "[resourceGroup().location]",
      "dependsOn": [
        "[concat('Microsoft.Network/publicIPAddresses/',variables('WebPublicIPName'))]"
      ],
      "tags": {
        "displayName": "Load Balancer"
      },
      "properties": {
        "frontendIPConfigurations": [
          {
            "name": "[variables('LBFEName')]",
            "properties": {
              "publicIPAddress": {
                "id": "[variables('PublicIPAddressID')]"
              }
            }
          }
        ],
        "backendAddressPools": [
          {
            "name": "[variables('LBBEAddressPool')]"
          }
        ],
        "loadBalancingRules": [
          {
            "name": "weblb",
            "properties": {
              "frontendIPConfiguration": {
                "id": "[variables('LBFEIPConfigID')]"
              },
              "backendAddressPool": {
                "id": "[variables('LBBEAddressPoolID')]"
              },
              "probe": {
                "id": "[variables('LBWebProbeID')]"
              },
              "protocol": "Tcp",
              "frontendPort": 80,
              "backendPort": 80,
              "enableFloatingIP": false
            }
          }
        ],
        "probes": [
          {
            "name": "[variables('LBWebProbeName')]",
            "properties": {
              "protocol": "Http",
              "port": 80,
              "intervalInSeconds": 15,
              "numberOfProbes": 2,
              "requestPath": "/"
            }
          }
        ]
      }
    },
    {
      "type": "Microsoft.Compute/availabilitySets",
      "name": "[variables('AvailabilitySetName')]",
      "apiVersion": "2015-06-15",
      "location": "[resourceGroup().location]",
      "properties": {}
    },
    {
      "apiVersion": "2015-06-15",
      "type": "Microsoft.Network/networkInterfaces",
      "name": "[concat('WebVM',copyIndex(),'Nic')]",
      "location": "[resourceGroup().location]",
      "copy": {
        "name": "nicLoop",
        "count": "[parameters('InstanceCount')]"
      },
      "dependsOn": [
        "[concat('Microsoft.Network/virtualNetworks/', 'OPSTrainingVNET')]"
      ],
      "properties": {
        "ipConfigurations": [
          {
            "name": "ipconfig1",
            "properties": {
              "privateIPAllocationMethod": "Dynamic",
              "subnet": {
                "id": "[variables('WebVMSubnetRef')]"
              },
              "loadBalancerBackendAddressPools": [
                { "id": "[variables('LBBEAddressPoolID')]" }
              ]
            }
          }
        ]
      }
    },
    {
      "apiVersion": "2015-06-15",
      "type": "Microsoft.Compute/virtualMachines",
      "name": "[concat(variables('AvailabilitySetName'),copyIndex())]",
      "location": "[resourceGroup().location]",
      "copy": {
        "name": "vmLoop",
        "count": "[parameters('InstanceCount')]"
      },
      "dependsOn": [
        "[concat('Microsoft.Storage/storageAccounts/', variables('vmstorageName'))]",
        "[concat('Microsoft.Network/networkInterfaces/', concat('WebVM',copyIndex(),'Nic'))]",
        "[concat('Microsoft.Compute/availabilitySets/', variables('AvailabilitySetName'))]"
      ],
      "properties": {
        "availabilitySet": {
          "id": "[resourceId('Microsoft.Compute/availabilitySets', variables('AvailabilitySetName'))]"
        },
        "hardwareProfile": {
          "vmSize": "[variables('WebVMVmSize')]"
        },
        "osProfile": {
          "computerName": "[concat(variables('AvailabilitySetName'),copyIndex())]",
          "adminUsername": "[parameters('WebVMAdminUserName')]",
          "adminPassword": "[parameters('WebVMAdminPassword')]"
        },
        "storageProfile": {
          "imageReference": {
            "publisher": "[variables('WebVMImagePublisher')]",
            "offer": "[variables('WebVMImageOffer')]",
            "sku": "[parameters('WebVMUbuntuOSVersion')]",
            "version": "latest"
          },
          "osDisk": {
            "name": "osdisk",
            "vhd": {
              "uri": "[concat('http://',variables('vmstorageName'),'.blob.core.windows.net/vhds/','osdisk', variables('AvailabilitySetName'), copyindex(), '.vhd')]"
            },
            "caching": "ReadWrite",
            "createOption": "FromImage"
          }
        },
        "networkProfile": {
          "networkInterfaces": [
            {
              "id": "[resourceId('Microsoft.Network/networkInterfaces',concat('WebVM',copyIndex(),'Nic'))]"
            }
          ]
        }
      }
    },
    {
      "type": "Microsoft.Compute/virtualMachines/extensions",
      "name": "[concat(variables('AvailabilitySetName'),copyIndex(),'/', 'ChefExtension')]",
      "apiVersion": "2015-06-15",
      "location": "[resourceGroup().location]",
      "copy": {
        "name": "extensionLoop",
        "count": "[parameters('InstanceCount')]"
      },
      "dependsOn": [
        "[concat('Microsoft.Compute/virtualMachines/', concat(variables('AvailabilitySetName'),copyIndex()))]"
      ],
      "properties": {
        "publisher": "Chef.Bootstrap.WindowsAzure",
        "type": "LinuxChefClient",
        "typeHandlerVersion": "1210.12",
        "settings": {
          "bootstrap_options": {
            "chef_node_name": "[concat(variables('AvailabilitySetName'),copyIndex())]",
            "chef_server_url": "[parameters('chef_server_url')]",
            "validation_client_name": "[parameters('validation_client_name')]",
            "node_ssl_verify_mode": "none"
          },
          "runlist": "[parameters('runlist')]",
          "validation_key_format": "plaintext"
        },
        "protectedSettings": {
          "validation_key": "[parameters('validation_key')]"
        }
      }
    }
  ],
  "outputs": {
  }
}