﻿{
  "$schema": "https://schema.management.azure.com/schemas/2015-01-01/deploymentTemplate.json#",
  "contentVersion": "1.0.0.0",
  "parameters": {
    "vmstorageType": {
      "type": "string",
      "defaultValue": "Standard_LRS",
      "allowedValues": [
        "Standard_LRS",
        "Standard_GRS",
        "Standard_RAGRS",
        "Premium_LRS"
      ]
    },
    "WebVMName": {
      "type": "string",
      "minLength": 1
    },
    "WebVMAdminUserName": {
      "type": "string",
      "minLength": 1
    },
    "WebVMAdminPassword": {
      "type": "securestring"
    },
    "WebVMUbuntuOSVersion": {
      "type": "string",
      "defaultValue": "14.04.4-LTS",
      "allowedValues": [
        "12.04.5-LTS",
        "14.04.4-LTS"
      ]
    },
    "WebPublicIPDnsName": {
      "type": "string",
      "minLength": 1
    },
    "SQLVMName": {
      "type": "string",
      "minLength": 1
    },
    "SQLVMAdminUserName": {
      "type": "string",
      "minLength": 1
    },
    "SQLVMAdminPassword": {
      "type": "securestring"
    },
    "SQLVMUbuntuOSVersion": {
      "type": "string",
      "defaultValue": "14.04.2-LTS",
      "allowedValues": [
        "12.04.5-LTS",
        "14.04.2-LTS"
      ]
    }
  },
  "variables": {
    "OPSTrainingVNETPrefix": "10.0.0.0/16",
    "OPSTrainingVNETSubnet1Name": "FrontendNetwork",
    "OPSTrainingVNETSubnet1Prefix": "10.0.1.0/24",
    "OPSTrainingVNETSubnet2Name": "BackendNetwork",
    "OPSTrainingVNETSubnet2Prefix": "10.0.2.0/24",
    "vmstorageName": "[concat('vmstorage', uniqueString(resourceGroup().id))]",
    "WebVMImagePublisher": "Canonical",
    "WebVMImageOffer": "UbuntuServer",
    "WebVMOSDiskName": "WebVMOSDisk",
    "WebVMVmSize": "Standard_D1",
    "WebVMVnetID": "[resourceId('Microsoft.Network/virtualNetworks', 'OPSTrainingVNET')]",
    "WebVMSubnetRef": "[concat(variables('WebVMVnetID'), '/subnets/', variables('OPSTrainingVNETSubnet1Name'))]",
    "WebVMStorageAccountContainerName": "vhds",
    "WebVMNicName": "[concat(parameters('WebVMName'), 'NetworkInterface')]",
    "WebPublicIPName": "WebPublicIP",
    "SQLVMImagePublisher": "Canonical",
    "SQLVMImageOffer": "UbuntuServer",
    "SQLVMOSDiskName": "SQLVMOSDisk",
    "SQLVMVmSize": "Standard_D1",
    "SQLVMVnetID": "[resourceId('Microsoft.Network/virtualNetworks', 'OPSTrainingVNET')]",
    "SQLVMSubnetRef": "[concat(variables('SQLVMVnetID'), '/subnets/', variables('OPSTrainingVNETSubnet2Name'))]",
    "SQLVMStorageAccountContainerName": "vhds",
    "SQLVMNicName": "[concat(parameters('SQLVMName'), 'NetworkInterface')]"
  },
  "resources": [
    {
      "name": "OPSTrainingVNET",
      "type": "Microsoft.Network/virtualNetworks",
      "location": "[resourceGroup().location]",
      "apiVersion": "2015-06-15",
      "dependsOn": [
        "[resourceId('Microsoft.Network/networkSecurityGroups', 'WebNetworkSecurityGroup')]"
      ],
      "tags": {
        "displayName": "OPSTrainingVNET"
      },
      "properties": {
        "addressSpace": {
          "addressPrefixes": [
            "[variables('OPSTrainingVNETPrefix')]"
          ]
        },
        "subnets": [
          {
            "name": "[variables('OPSTrainingVNETSubnet1Name')]",
            "properties": {
              "addressPrefix": "[variables('OPSTrainingVNETSubnet1Prefix')]",
              "networkSecurityGroup": {
                "id": "[resourceId('Microsoft.Network/networkSecurityGroups', 'WebNetworkSecurityGroup')]"
              }
            }
          },
          {
            "name": "[variables('OPSTrainingVNETSubnet2Name')]",
            "properties": {
              "addressPrefix": "[variables('OPSTrainingVNETSubnet2Prefix')]"
            }
          }
        ]
      }
    },
    {
      "name": "[variables('vmstorageName')]",
      "type": "Microsoft.Storage/storageAccounts",
      "location": "[resourceGroup().location]",
      "apiVersion": "2015-06-15",
      "dependsOn": [],
      "tags": {
        "displayName": "vmstorage"
      },
      "properties": {
        "accountType": "[parameters('vmstorageType')]"
      }
    },
    {
      "name": "[variables('WebVMNicName')]",
      "type": "Microsoft.Network/networkInterfaces",
      "location": "[resourceGroup().location]",
      "apiVersion": "2015-06-15",
      "dependsOn": [
        "[concat('Microsoft.Network/virtualNetworks/', 'OPSTrainingVNET')]"
      ],
      "tags": {
        "displayName": "WebVMNic"
      },
      "properties": {
        "ipConfigurations": [
          {
            "name": "ipconfig1",
            "properties": {
              "privateIPAllocationMethod": "Dynamic",
              "subnet": {
                "id": "[variables('WebVMSubnetRef')]"
              },
              "publicIPAddress": {
                "id": "[resourceId('Microsoft.Network/publicIPAddresses', variables('WebPublicIPName'))]"
              }
            }
          }
        ]
      }
    },
    {
      "name": "[parameters('WebVMName')]",
      "type": "Microsoft.Compute/virtualMachines",
      "location": "[resourceGroup().location]",
      "apiVersion": "2015-06-15",
      "dependsOn": [
        "[concat('Microsoft.Storage/storageAccounts/', variables('vmstorageName'))]",
        "[concat('Microsoft.Network/networkInterfaces/', variables('WebVMNicName'))]"
      ],
      "tags": {
        "displayName": "WebVM"
      },
      "properties": {
        "hardwareProfile": {
          "vmSize": "[variables('WebVMVmSize')]"
        },
        "osProfile": {
          "computerName": "[parameters('WebVMName')]",
          "adminUsername": "[parameters('WebVMAdminUsername')]",
          "adminPassword": "[parameters('WebVMAdminPassword')]"
        },
        "storageProfile": {
          "imageReference": {
            "publisher": "[variables('WebVMImagePublisher')]",
            "offer": "[variables('WebVMImageOffer')]",
            "sku": "[parameters('WebVMUbuntuOSVersion')]",
            "version": "latest"
          },
          "osDisk": {
            "name": "WebVMOSDisk",
            "vhd": {
              "uri": "[concat('http://', variables('vmstorageName'), '.blob.core.windows.net/', variables('WebVMStorageAccountContainerName'), '/', variables('WebVMOSDiskName'), '.vhd')]"
            },
            "caching": "ReadWrite",
            "createOption": "FromImage"
          }
        },
        "networkProfile": {
          "networkInterfaces": [
            {
              "id": "[resourceId('Microsoft.Network/networkInterfaces', variables('WebVMNicName'))]"
            }
          ]
        }
      },
      "resources": [
        {
          "name": "RunWebScript",
          "type": "extensions",
          "location": "[resourceGroup().location]",
          "apiVersion": "2015-06-15",
          "dependsOn": [
            "[concat('Microsoft.Compute/virtualMachines/', parameters('WebVMName'))]"
          ],
          "tags": {
            "displayName": "RunWebScript"
          },
          "properties": {
            "publisher": "Microsoft.OSTCExtensions",
            "type": "CustomScriptForLinux",
            "typeHandlerVersion": "1.4",
            "autoUpgradeMinorVersion": true,
            "settings": {
              "fileUris": [
                "https://opsgilityweb.blob.core.windows.net/20160803-course-azure-iaas-devops-oss/apache.sh"
              ],
              "commandToExecute": "[concat('bash ', 'apache.sh')]"
            }
          }
        }
      ]

    },
    {
      "name": "[variables('WebPublicIPName')]",
      "type": "Microsoft.Network/publicIPAddresses",
      "location": "[resourceGroup().location]",
      "apiVersion": "2015-06-15",
      "dependsOn": [],
      "tags": {
        "displayName": "WebPublicIP"
      },
      "properties": {
        "publicIPAllocationMethod": "Dynamic",
        "dnsSettings": {
          "domainNameLabel": "[parameters('WebPublicIPDnsName')]"
        }
      }
    },
    {
      "name": "[variables('SQLVMNicName')]",
      "type": "Microsoft.Network/networkInterfaces",
      "location": "[resourceGroup().location]",
      "apiVersion": "2015-06-15",
      "dependsOn": [
        "[concat('Microsoft.Network/virtualNetworks/', 'OPSTrainingVNET')]"
      ],
      "tags": {
        "displayName": "SQLVMNic"
      },
      "properties": {
        "ipConfigurations": [
          {
            "name": "ipconfig1",
            "properties": {
              "privateIPAllocationMethod": "Dynamic",
              "subnet": {
                "id": "[variables('SQLVMSubnetRef')]"
              }
            }
          }
        ]
      }
    },
    {
      "name": "[parameters('SQLVMName')]",
      "type": "Microsoft.Compute/virtualMachines",
      "location": "[resourceGroup().location]",
      "apiVersion": "2015-06-15",
      "dependsOn": [
        "[concat('Microsoft.Storage/storageAccounts/', variables('vmstorageName'))]",
        "[concat('Microsoft.Network/networkInterfaces/', variables('SQLVMNicName'))]"
      ],
      "tags": {
        "displayName": "SQLVM"
      },
      "properties": {
        "hardwareProfile": {
          "vmSize": "[variables('SQLVMVmSize')]"
        },
        "osProfile": {
          "computerName": "[parameters('SQLVMName')]",
          "adminUsername": "[parameters('SQLVMAdminUsername')]",
          "adminPassword": "[parameters('SQLVMAdminPassword')]"
        },
        "storageProfile": {
          "imageReference": {
            "publisher": "[variables('SQLVMImagePublisher')]",
            "offer": "[variables('SQLVMImageOffer')]",
            "sku": "[parameters('SQLVMUbuntuOSVersion')]",
            "version": "latest"
          },
          "osDisk": {
            "name": "SQLVMOSDisk",
            "vhd": {
              "uri": "[concat('http://', variables('vmstorageName'), '.blob.core.windows.net/', variables('SQLVMStorageAccountContainerName'), '/', variables('SQLVMOSDiskName'), '.vhd')]"
            },
            "caching": "ReadWrite",
            "createOption": "FromImage"
          }
        },
        "networkProfile": {
          "networkInterfaces": [
            {
              "id": "[resourceId('Microsoft.Network/networkInterfaces', variables('SQLVMNicName'))]"
            }
          ]
        }
      },
      "resources": [
        {
          "name": "RunSQLScript",
          "type": "extensions",
          "location": "[resourceGroup().location]",
          "apiVersion": "2015-06-15",
          "dependsOn": [
            "[concat('Microsoft.Compute/virtualMachines/', parameters('SQLVMName'))]"
          ],
          "tags": {
            "displayName": "RunSQLScript"
          },
          "properties": {
            "publisher": "Microsoft.OSTCExtensions",
            "type": "CustomScriptForLinux",
            "typeHandlerVersion": "1.4",
            "autoUpgradeMinorVersion": true,
            "settings": {
              "fileUris": [
                "https://opsgilityweb.blob.core.windows.net/20160803-course-azure-iaas-devops-oss/mysql.sh"
              ],
              "commandToExecute": "[concat('bash ', 'mysql.sh')]"
            }
          }
        }
      ]
    },
    {
      "apiVersion": "2015-06-15",
      "type": "Microsoft.Network/networkSecurityGroups",
      "name": "WebNetworkSecurityGroup",
      "location": "[resourceGroup().location]",
      "properties": {
        "securityRules": [
          {
            "name": "webrule",
            "properties": {
              "description": "This rule allows traffic in on port 80",
              "protocol": "Tcp",
              "sourcePortRange": "*",
              "destinationPortRange": "80",
              "sourceAddressPrefix": "INTERNET",
              "destinationAddressPrefix": "*",
              "access": "Allow",
              "priority": 100,
              "direction": "Inbound"
            }
          },
          {
            "name": "sshrule",
            "properties": {
              "description": "This rule allows traffic on port 22 from the web",
              "protocol": "Tcp",
              "sourcePortRange": "*",
              "destinationPortRange": "22",
              "sourceAddressPrefix": "INTERNET",
              "destinationAddressPrefix": "*",
              "access": "Allow",
              "priority": 200,
              "direction": "Inbound"
            }
          }

        ]
      }
    }
  ],
  "outputs": {
  }
}