{
  "$schema": "https://schema.management.azure.com/schemas/2015-01-01/deploymentTemplate.json#",
  "contentVersion": "1.0.0.0",
  "parameters": {
    "fourthcoffeeType": {
      "type": "string",
      "defaultValue": "Standard_LRS",
      "allowedValues": [
        "Standard_LRS"
      ]
    },
    "fourthCoffeeWebVMName": {
      "type": "string",
      "minLength": 1
    },
    "fourthCoffeeWebVMAdminUserName": {
      "type": "string",
      "minLength": 1
    },
    "fourthCoffeeWebVMAdminPassword": {
      "type": "securestring"
    },
    "fourthCoffeeWebVMWindowsOSVersion": {
      "type": "string",
      "defaultValue": "2016-Datacenter"
    },
    "fourthCoffeeWebVmPubIpDnsName": {
      "type": "string",
      "minLength": 1
    },
    "linuxVMName": {
      "type": "string",
      "minLength": 1
    },
    "linuxVMAdminUserName": {
      "type": "string",
      "minLength": 1
    },
    "linuxVMAdminPassword": {
      "type": "securestring"
    },
    "linuxVMUbuntuOSVersion": {
      "type": "string",
      "defaultValue": "14.04.2-LTS",
      "allowedValues": [
        "12.04.5-LTS",
        "14.04.2-LTS"
      ]
    },
    "linuxVMPubIpDnsName": {
      "type": "string",
      "minLength": 1
    }},
  "variables": {
    "fourthCoffeeVnetPrefix": "10.0.0.0/16",
    "fourthCoffeeVnetSubnet1Name": "Web",
    "fourthCoffeeVnetSubnet1Prefix": "10.0.0.0/24",
    "fourthcoffeeName": "[concat('fc', uniqueString(resourceGroup().id))]",
    "fourthCoffeeWebVMImagePublisher": "MicrosoftWindowsServer",
    "fourthCoffeeWebVMImageOffer": "WindowsServer",
    "fourthCoffeeWebVMOSDiskName": "fourthCoffeeWebVMOSDisk",
    "fourthCoffeeWebVMVmSize": "Standard_D1_v2",
    "fourthCoffeeWebVMVnetID": "[resourceId('Microsoft.Network/virtualNetworks', 'fourthCoffeeVnet')]",
    "fourthCoffeeWebVMSubnetRef": "[concat(variables('fourthCoffeeWebVMVnetID'), '/subnets/', variables('fourthCoffeeVnetSubnet1Name'))]",
    "fourthCoffeeWebVMStorageAccountContainerName": "vhds",
    "fourthCoffeeWebVMNicName": "[concat(parameters('fourthCoffeeWebVMName'), 'NetworkInterface')]",
    "fourthCoffeeWevVmPubIpName": "fourthCoffeeWevVmPubIp",
    "linuxVMImagePublisher": "Canonical",
    "linuxVMImageOffer": "UbuntuServer",
    "linuxVMOSDiskName": "linuxVMOSDisk",
    "linuxVMVmSize": "Standard_D2_v2",
    "linuxVMVnetID": "[resourceId('Microsoft.Network/virtualNetworks', 'fourthCoffeeVnet')]",
    "linuxVMSubnetRef": "[concat(variables('linuxVMVnetID'), '/subnets/', variables('fourthCoffeeVnetSubnet1Name'))]",
    "linuxVMStorageAccountContainerName": "vhds",
    "linuxVMNicName": "[concat(parameters('linuxVMName'), 'NetworkInterface')]",
    "linuxVMPubIpName": "linuxVMPubIp"
},
  "resources": [
    {
      "name": "fourthCoffeeVnet",
      "type": "Microsoft.Network/virtualNetworks",
      "location": "[resourceGroup().location]",
      "apiVersion": "2016-03-30",
      "dependsOn": [ ],
      "tags": {
        "displayName": "fourthCoffeeVnet"
      },
      "properties": {
        "addressSpace": {
          "addressPrefixes": [
            "[variables('fourthCoffeeVnetPrefix')]"
          ]
        },
        "subnets": [
          {
            "name": "[variables('fourthCoffeeVnetSubnet1Name')]",
            "properties": {
              "addressPrefix": "[variables('fourthCoffeeVnetSubnet1Prefix')]"
            }
          }
        ]
      }
    },
    {
      "name": "[variables('fourthcoffeeName')]",
      "type": "Microsoft.Storage/storageAccounts",
      "location": "[resourceGroup().location]",
      "apiVersion": "2016-01-01",
      "sku": {
        "name": "[parameters('fourthcoffeeType')]"
      },
      "dependsOn": [ ],
      "tags": {
        "displayName": "fourthCoffee"
      },
      "kind": "Storage"
    },
    {
      "name": "[variables('fourthCoffeeWebVMNicName')]",
      "type": "Microsoft.Network/networkInterfaces",
      "location": "[resourceGroup().location]",
      "apiVersion": "2016-03-30",
      "dependsOn": [
        "[resourceId('Microsoft.Network/virtualNetworks', 'fourthCoffeeVnet')]",
        "[resourceId('Microsoft.Network/publicIPAddresses', variables('fourthCoffeeWevVmPubIpName'))]"
      ],
      "tags": {
        "displayName": "fourthCoffeeWebVMNic"
      },
      "properties": {
        "ipConfigurations": [
          {
            "name": "ipconfig1",
            "properties": {
              "privateIPAllocationMethod": "Dynamic",
              "subnet": {
                "id": "[variables('fourthCoffeeWebVMSubnetRef')]"
              },
              "publicIPAddress": {
                "id": "[resourceId('Microsoft.Network/publicIPAddresses', variables('fourthCoffeeWevVmPubIpName'))]"
              }
            }
          }
        ]
      }
    },
    {
      "name": "[parameters('fourthCoffeeWebVMName')]",
      "type": "Microsoft.Compute/virtualMachines",
      "location": "[resourceGroup().location]",
      "apiVersion": "2015-06-15",
      "dependsOn": [
        "[resourceId('Microsoft.Storage/storageAccounts', variables('fourthcoffeeName'))]",
        "[resourceId('Microsoft.Network/networkInterfaces', variables('fourthCoffeeWebVMNicName'))]"
      ],
      "tags": {
        "displayName": "fourthCoffeeWebVM"
      },
      "properties": {
        "hardwareProfile": {
          "vmSize": "[variables('fourthCoffeeWebVMVmSize')]"
        },
        "osProfile": {
          "computerName": "[parameters('fourthCoffeeWebVMName')]",
          "adminUsername": "[parameters('fourthCoffeeWebVMAdminUsername')]",
          "adminPassword": "[parameters('fourthCoffeeWebVMAdminPassword')]"
        },
        "storageProfile": {
          "imageReference": {
            "publisher": "[variables('fourthCoffeeWebVMImagePublisher')]",
            "offer": "[variables('fourthCoffeeWebVMImageOffer')]",
            "sku": "[parameters('fourthCoffeeWebVMWindowsOSVersion')]",
            "version": "latest"
          },
          "osDisk": {
            "name": "fourthCoffeeWebVMOSDisk",
            "vhd": {
              "uri": "[concat(reference(resourceId('Microsoft.Storage/storageAccounts', variables('fourthcoffeeName')), '2016-01-01').primaryEndpoints.blob, variables('fourthCoffeeWebVMStorageAccountContainerName'), '/', variables('fourthCoffeeWebVMOSDiskName'), '.vhd')]"
            },
            "caching": "ReadWrite",
            "createOption": "FromImage"
          }
        },
        "networkProfile": {
          "networkInterfaces": [
            {
              "id": "[resourceId('Microsoft.Network/networkInterfaces', variables('fourthCoffeeWebVMNicName'))]"
            }
          ]
        }
      }
    },
    {
      "name": "[variables('fourthCoffeeWevVmPubIpName')]",
      "type": "Microsoft.Network/publicIPAddresses",
      "location": "[resourceGroup().location]",
      "apiVersion": "2016-03-30",
      "dependsOn": [ ],
      "tags": {
        "displayName": "fourthCoffeeWebVmPubIp"
      },
      "properties": {
        "publicIPAllocationMethod": "Dynamic",
        "dnsSettings": {
          "domainNameLabel": "[parameters('fourthCoffeeWebVmPubIpDnsName')]"
        }
      }
    },
    {
      "name": "[variables('linuxVMNicName')]",
      "type": "Microsoft.Network/networkInterfaces",
      "location": "[resourceGroup().location]",
      "apiVersion": "2016-03-30",
      "dependsOn": [
        "[resourceId('Microsoft.Network/virtualNetworks', 'fourthCoffeeVnet')]",
        "[resourceId('Microsoft.Network/publicIPAddresses', variables('linuxVMPubIpName'))]"
      ],
      "tags": {
        "displayName": "linuxVMNic"
      },
      "properties": {
        "ipConfigurations": [
          {
            "name": "ipconfig1",
            "properties": {
              "privateIPAllocationMethod": "Dynamic",
              "subnet": {
                "id": "[variables('linuxVMSubnetRef')]"
              },
              "publicIPAddress": {
                "id": "[resourceId('Microsoft.Network/publicIPAddresses', variables('linuxVMPubIpName'))]"
              }
            }
          }
        ]
      }
    },
    {
      "name": "[parameters('linuxVMName')]",
      "type": "Microsoft.Compute/virtualMachines",
      "location": "[resourceGroup().location]",
      "apiVersion": "2015-06-15",
      "dependsOn": [
        "[resourceId('Microsoft.Storage/storageAccounts', variables('fourthcoffeeName'))]",
        "[resourceId('Microsoft.Network/networkInterfaces', variables('linuxVMNicName'))]"
      ],
      "tags": {
        "displayName": "linuxVM"
      },
      "properties": {
        "hardwareProfile": {
          "vmSize": "[variables('linuxVMVmSize')]"
        },
        "osProfile": {
          "computerName": "[parameters('linuxVMName')]",
          "adminUsername": "[parameters('linuxVMAdminUsername')]",
          "adminPassword": "[parameters('linuxVMAdminPassword')]"
        },
        "storageProfile": {
          "imageReference": {
            "publisher": "[variables('linuxVMImagePublisher')]",
            "offer": "[variables('linuxVMImageOffer')]",
            "sku": "[parameters('linuxVMUbuntuOSVersion')]",
            "version": "latest"
          },
          "osDisk": {
            "name": "linuxVMOSDisk",
            "vhd": {
              "uri": "[concat(reference(resourceId('Microsoft.Storage/storageAccounts', variables('fourthcoffeeName')), '2016-01-01').primaryEndpoints.blob, variables('linuxVMStorageAccountContainerName'), '/', variables('linuxVMOSDiskName'), '.vhd')]"
            },
            "caching": "ReadWrite",
            "createOption": "FromImage"
          }
        },
        "networkProfile": {
          "networkInterfaces": [
            {
              "id": "[resourceId('Microsoft.Network/networkInterfaces', variables('linuxVMNicName'))]"
            }
          ]
        }
      }
    },
    {
      "name": "[variables('linuxVMPubIpName')]",
      "type": "Microsoft.Network/publicIPAddresses",
      "location": "[resourceGroup().location]",
      "apiVersion": "2016-03-30",
      "dependsOn": [ ],
      "tags": {
        "displayName": "linuxVMPubIp"
      },
      "properties": {
        "publicIPAllocationMethod": "Dynamic",
        "dnsSettings": {
          "domainNameLabel": "[parameters('linuxVMPubIpDnsName')]"
        }
      }
    }],
  "outputs": {}
}
