﻿{
  "$schema": "https://schema.management.azure.com/schemas/2015-01-01/deploymentTemplate.json#",
  "contentVersion": "1.0.0.0",
  "parameters": {
    "adminUsername": {
      "type": "string",
      "minLength": 1,
      "metadata": {
        "description": "User name for the Virtual Machine."
      }
    },
    "adminPassword": {
      "type": "securestring",
      "metadata": {
        "description": "Password for the Virtual Machine."
      }
    },
    "dnsNameForPublicIP": {
      "type": "string",
      "minLength": 1,
      "metadata": {
        "description": "Globally unique DNS Name for the Public IP used to access the Virtual Machine."
      }
    },
    "ubuntuOSVersion": {
      "type": "string",
      "defaultValue": "14.04.2-LTS",
      "allowedValues": [
        "12.04.5-LTS",
        "14.04.2-LTS"
      ],
      "metadata": {
        "description": "The Ubuntu version for the VM. This will pick a fully patched image of this given Ubuntu version. Allowed values: 12.04.5-LTS, 14.04.2-LTS, 15.04."
      }
    },
    "templatesLocation": {
          "type": "string"
      },
      "storageSasToken": {
          "type": "securestring"
      }         
  },
  "variables": {
    "imagePublisher": "Canonical",
    "imageOffer": "UbuntuServer",
    "OSDiskName": "osdiskforlinuxsimple",
    "nicName": "myVMNic",
    "addressPrefix": "10.0.0.0/16",
    "subnetName": "Subnet",
    "subnetPrefix": "10.0.0.0/24",
    "vhdStorageType": "Standard_LRS",
    "publicIPAddressType": "Dynamic",
    "vhdStorageContainerName": "vhds",
    "vmName": "MyUbuntuVM",
    "vmSize": "Standard_D1",
    "virtualNetworkName": "MyVNET",
    "vnetId": "[resourceId('Microsoft.Network/virtualNetworks', variables('virtualNetworkName'))]",
    "subnetRef": "[concat(variables('vnetId'), '/subnets/', variables('subnetName'))]",
    "vhdStorageName": "[concat('vhdstorage', uniqueString(resourceGroup().id))]",
    "VirtualNetworkTemplateTemplateFileName": "VirtualNetwork.json",
    "StorageAccountTemplateTemplateFileName": "StorageAccount.json",
    "NetworkInterfaceTemplateFileName": "NetworkInterface.json",
    "PublicIPTemplateTemplateFileName": "PublicIP.json",
    "VMTemplateTemplateFileName": "VirtualMachine.json"

  },
  "resources": [
    {
      "name": "StorageAccountTemplate",
      "type": "Microsoft.Resources/deployments",
      "apiVersion": "2015-01-01",
      "dependsOn": [],
      "properties": {
        "mode": "Incremental",
        "templateLink": {
          "uri": "[concat(parameters('templatesLocation'), '/', variables('StorageAccountTemplateTemplateFileName'),'?',  parameters('storageSasToken'))]",
          "contentVersion": "1.0.0.0"
        },
        "parameters": {
          "vhdStorageName": {
            "value": "[variables('vhdStorageName')]"
          },
          "vhdStorageType": {
            "value": "[variables('vhdStorageType')]"
          }
        }
      }
    },
    {
      "name": "PublicIPTemplate",
      "type": "Microsoft.Resources/deployments",
      "apiVersion": "2015-01-01",
      "dependsOn": [],
      "properties": {
        "mode": "Incremental",
        "templateLink": {
          "uri": "[concat(parameters('templatesLocation'), '/', variables('PublicIPTemplateTemplateFileName'), '?', parameters('storageSasToken'))]",
          "contentVersion": "1.0.0.0"
        },
        "parameters": {
          "publicIPAddressType": {
            "value": "[variables('publicIPAddressType')]"
          },
          "dnsNameForPublicIP": {
            "value": "[parameters('dnsNameForPublicIP')]"
          }
        }
      }
    },
    {
      "name": "VirtualNetworkTemplate",
      "type": "Microsoft.Resources/deployments",
      "apiVersion": "2015-01-01",
      "dependsOn": [],
      "properties": {
        "mode": "Incremental",
        "templateLink": {
          "uri": "[concat(parameters('templatesLocation'), '/', variables('VirtualNetworkTemplateTemplateFileName'), '?', parameters('storageSasToken'))]",
          "contentVersion": "1.0.0.0"
        },
        "parameters": {
          "virtualNetworkName": {
            "value": "[variables('virtualNetworkName')]"
          },
          "addressPrefix": {
            "value": "[variables('addressPrefix')]"
          },
          "subnetName": {
            "value": "[variables('subnetName')]"
          },
          "subnetPrefix": {
            "value": "[variables('subnetPrefix')]"
          }
        }
      }
    },
    {
      "name": "NetworkInterfaceTemplate",
      "type": "Microsoft.Resources/deployments",
      "apiVersion": "2015-01-01",
      "dependsOn": [
        "Microsoft.Resources/deployments/PublicIPTemplate",
        "Microsoft.Resources/deployments/VirtualNetworkTemplate"
      ],
      "properties": {
        "mode": "Incremental",
        "templateLink": {
          "uri": "[concat(parameters('TemplatesLocation'), '/',  variables('NetworkInterfaceTemplateFileName'), '?', parameters('storageSasToken'))]",
          "contentVersion": "1.0.0.0"
        },
        "parameters": {
          "nicName": {
            "value": "[variables('nicName')]"
          },
          "dnsNameForPublicIP": {
            "value": "[parameters('dnsNameForPublicIP')]"
          },
          "subnetRef": {
            "value": "[variables('subnetRef')]"
          }
        }
      }
    },
    {
      "name": "VMTemplate",
      "type": "Microsoft.Resources/deployments",
      "apiVersion": "2015-01-01",
      "dependsOn": [
        "Microsoft.Resources/deployments/NetworkInterfaceTemplate",
        "Microsoft.Resources/deployments/StorageAccountTemplate"
      ],
      "properties": {
        "mode": "Incremental",
        "templateLink": {
          "uri": "[concat(parameters('templatesLocation'), '/', variables('VMTemplateTemplateFileName'), '?', parameters('storageSasToken'))]",
          "contentVersion": "1.0.0.0"
        },
        "parameters": {
          "vmName": {
            "value": "[variables('vmName')]"
          },
          "vhdStorageName": {
            "value": "[variables('vhdStorageName')]"
          },
          "vhdStorageContainerName": {
            "value": "[variables('vhdStorageContainerName')]"
          },
          "OSDiskName": {
            "value": "[variables('OSDiskName')]"
          },
          "nicName": {
            "value": "[variables('nicName')]"
          },
          "vmSize": {
            "value": "[variables('vmSize')]"
          },
          "adminUsername": {
            "value": "[parameters('adminUsername')]"
          },
          "adminPassword": {
            "value": "[parameters('adminPassword')]"
          },
          "imagePublisher": {
            "value": "[variables('imagePublisher')]"
          },
          "imageOffer": {
            "value": "[variables('imageOffer')]"
          },
          "ubuntuOSVersion": {
            "value": "[parameters('ubuntuOSVersion')]"
          }
        }
      }
    }
  ]
}