{
  "$schema": "https://schema.management.azure.com/schemas/2015-01-01/deploymentTemplate.json#",
  "contentVersion": "1.0.0.0",
  "parameters": {
    "nicName": { "type": "string" },
    "dnsNameForPublicIP": { "type": "string" },
    "subnetRef": { "type": "string" }
  },
  "variables": {
  },
  "resources": [
    {
      "apiVersion": "2015-06-15",
      "type": "Microsoft.Network/networkInterfaces",
      "name": "[parameters('nicName')]",
      "location": "[resourceGroup().location]",
      "tags": {
        "displayName": "NetworkInterface"
      },
      "dependsOn": [
      ],
      "properties": {
        "ipConfigurations": [
          {
            "name": "ipconfig1",
            "properties": {
              "privateIPAllocationMethod": "Dynamic",
              "publicIPAddress": {
                "id": "[resourceId('Microsoft.Network/publicIPAddresses', parameters('dnsNameForPublicIP'))]"
              },
              "subnet": {
                "id": "[parameters('subnetRef')]"
              }
            }
          }
        ]
      }
    }
  ],
  "outputs": {
  }
}