{
  "$schema": "https://schema.management.azure.com/schemas/2015-01-01/deploymentTemplate.json#",
  "contentVersion": "1.0.0.0",
  "parameters": {
    "vhdStorageName": { "type": "string" },
    "vhdStorageType": { "type": "string" }
  },
  "variables": {
  },
  "resources": [
    {
      "type": "Microsoft.Storage/storageAccounts",
      "name": "[parameters('vhdStorageName')]",
      "apiVersion": "2015-06-15",
      "location": "[resourceGroup().location]",
      "tags": {
        "displayName": "StorageAccount"
      },
      "properties": {
        "accountType": "[parameters('vhdStorageType')]"
      }
    }
  ],
  "outputs": {
  }
}