{
  "$schema": "https://schema.management.azure.com/schemas/2015-01-01/deploymentTemplate.json#",
  "contentVersion": "1.0.0.0",
  "parameters": {
    "vmName": { "type": "string" },
    "vhdStorageName": { "type": "string" },
    "nicName": { "type": "string" },
    "vmSize": { "type": "string" },
    "adminUsername": { "type": "string" },
    "adminPassword": { "type": "string" },
    "imagePublisher": { "type": "string" },
    "imageOffer": { "type": "string" },
    "ubuntuOSVersion": { "type": "string" },
    "vhdStorageContainerName": { "type": "string" },
    "OSDiskName": { "type": "string" }
  },
  "variables": {
  },
  "resources": [
    {
      "apiVersion": "2015-06-15",
      "type": "Microsoft.Compute/virtualMachines",
      "name": "[parameters('vmName')]",
      "location": "[resourceGroup().location]",
      "tags": {
        "displayName": "VirtualMachine"
      },
      "dependsOn": [
      ],
      "properties": {
        "hardwareProfile": {
          "vmSize": "[parameters('vmSize')]"
        },
        "osProfile": {
          "computerName": "[parameters('vmName')]",
          "adminUsername": "[parameters('adminUsername')]",
          "adminPassword": "[parameters('adminPassword')]"
        },
        "storageProfile": {
          "imageReference": {
            "publisher": "[parameters('imagePublisher')]",
            "offer": "[parameters('imageOffer')]",
            "sku": "[parameters('ubuntuOSVersion')]",
            "version": "latest"
          },
          "osDisk": {
            "name": "osdisk",
            "vhd": {
              "uri": "[concat('http://', parameters('vhdStorageName'), '.blob.core.windows.net/', parameters('vhdStorageContainerName'), '/', parameters('OSDiskName'), '.vhd')]"
            },
            "caching": "ReadWrite",
            "createOption": "FromImage"
          }
        },
        "networkProfile": {
          "networkInterfaces": [
            {
              "id": "[resourceId('Microsoft.Network/networkInterfaces', parameters('nicName'))]"
            }
          ]
        }
      }
    }
  ],
  "outputs": {
  }
}